R00,0,R000,"Tachycardia, unspecified","Tachycardia, unspecified","Abnormalities of heart beat"
R00,1,R001,"Bradycardia, unspecified","Bradycardia, unspecified","Abnormalities of heart beat"
R00,2,R002,"Palpitations","Palpitations","Abnormalities of heart beat"
R00,8,R008,"Other abnormalities of heart beat","Other abnormalities of heart beat","Abnormalities of heart beat"
R00,9,R009,"Unspecified abnormalities of heart beat","Unspecified abnormalities of heart beat","Abnormalities of heart beat"
R01,0,R010,"Benign and innocent cardiac murmurs","Benign and innocent cardiac murmurs","Cardiac murmurs and other cardiac sounds"
R01,1,R011,"Cardiac murmur, unspecified","Cardiac murmur, unspecified","Cardiac murmurs and other cardiac sounds"
R01,2,R012,"Other cardiac sounds","Other cardiac sounds","Cardiac murmurs and other cardiac sounds"
R03,0,R030,"Elevated blood-pressure reading, w/o diagnosis of htn","Elevated blood-pressure reading, without diagnosis of hypertension","Abnormal blood-pressure reading, without diagnosis"
R03,1,R031,"Nonspecific low blood-pressure reading","Nonspecific low blood-pressure reading","Abnormal blood-pressure reading, without diagnosis"
R04,0,R040,"Epistaxis","Epistaxis","Hemorrhage from respiratory passages"
R04,1,R041,"Hemorrhage from throat","Hemorrhage from throat","Hemorrhage from respiratory passages"
R04,2,R042,"Hemoptysis","Hemoptysis","Hemorrhage from respiratory passages"
R048,1,R0481,"Acute idiopathic pulmonary hemorrhage in infants","Acute idiopathic pulmonary hemorrhage in infants","Hemorrhage from other sites in respiratory passages"
R048,9,R0489,"Hemorrhage from other sites in respiratory passages","Hemorrhage from other sites in respiratory passages","Hemorrhage from other sites in respiratory passages"
R049,,R049,"Hemorrhage from respiratory passages, unspecified","Hemorrhage from respiratory passages, unspecified","Hemorrhage from respiratory passages, unspecified"
R05,,R05,"Cough","Cough","Cough"
R060,0,R0600,"Dyspnea, unspecified","Dyspnea, unspecified","Dyspnea"
R060,1,R0601,"Orthopnea","Orthopnea","Dyspnea"
R060,2,R0602,"Shortness of breath","Shortness of breath","Dyspnea"
R060,3,R0603,"Acute respiratory distress","Acute respiratory distress","Dyspnea"
R060,9,R0609,"Other forms of dyspnea","Other forms of dyspnea","Dyspnea"
R061,,R061,"Stridor","Stridor","Stridor"
R062,,R062,"Wheezing","Wheezing","Wheezing"
R063,,R063,"Periodic breathing","Periodic breathing","Periodic breathing"
R064,,R064,"Hyperventilation","Hyperventilation","Hyperventilation"
R065,,R065,"Mouth breathing","Mouth breathing","Mouth breathing"
R066,,R066,"Hiccough","Hiccough","Hiccough"
R067,,R067,"Sneezing","Sneezing","Sneezing"
R068,1,R0681,"Apnea, not elsewhere classified","Apnea, not elsewhere classified","Other abnormalities of breathing"
R068,2,R0682,"Tachypnea, not elsewhere classified","Tachypnea, not elsewhere classified","Other abnormalities of breathing"
R068,3,R0683,"Snoring","Snoring","Other abnormalities of breathing"
R068,9,R0689,"Other abnormalities of breathing","Other abnormalities of breathing","Other abnormalities of breathing"
R069,,R069,"Unspecified abnormalities of breathing","Unspecified abnormalities of breathing","Unspecified abnormalities of breathing"
R07,0,R070,"Pain in throat","Pain in throat","Pain in throat and chest"
R07,1,R071,"Chest pain on breathing","Chest pain on breathing","Pain in throat and chest"
R07,2,R072,"Precordial pain","Precordial pain","Pain in throat and chest"
R078,1,R0781,"Pleurodynia","Pleurodynia","Other chest pain"
R078,2,R0782,"Intercostal pain","Intercostal pain","Other chest pain"
R078,9,R0789,"Other chest pain","Other chest pain","Other chest pain"
R079,,R079,"Chest pain, unspecified","Chest pain, unspecified","Chest pain, unspecified"
R090,1,R0901,"Asphyxia","Asphyxia","Asphyxia and hypoxemia"
R090,2,R0902,"Hypoxemia","Hypoxemia","Asphyxia and hypoxemia"
R091,,R091,"Pleurisy","Pleurisy","Pleurisy"
R092,,R092,"Respiratory arrest","Respiratory arrest","Respiratory arrest"
R093,,R093,"Abnormal sputum","Abnormal sputum","Abnormal sputum"
R098,1,R0981,"Nasal congestion","Nasal congestion","Other specified symptoms and signs involving the circulatory and respiratory systems"
R098,2,R0982,"Postnasal drip","Postnasal drip","Other specified symptoms and signs involving the circulatory and respiratory systems"
R098,9,R0989,"Oth symptoms and signs involving the circ and resp systems","Other specified symptoms and signs involving the circulatory and respiratory systems","Other specified symptoms and signs involving the circulatory and respiratory systems"
R10,0,R100,"Acute abdomen","Acute abdomen","Abdominal and pelvic pain"
R101,0,R1010,"Upper abdominal pain, unspecified","Upper abdominal pain, unspecified","Pain localized to upper abdomen"
R101,1,R1011,"Right upper quadrant pain","Right upper quadrant pain","Pain localized to upper abdomen"
R101,2,R1012,"Left upper quadrant pain","Left upper quadrant pain","Pain localized to upper abdomen"
R101,3,R1013,"Epigastric pain","Epigastric pain","Pain localized to upper abdomen"
R102,,R102,"Pelvic and perineal pain","Pelvic and perineal pain","Pelvic and perineal pain"
R103,0,R1030,"Lower abdominal pain, unspecified","Lower abdominal pain, unspecified","Pain localized to other parts of lower abdomen"
R103,1,R1031,"Right lower quadrant pain","Right lower quadrant pain","Pain localized to other parts of lower abdomen"
R103,2,R1032,"Left lower quadrant pain","Left lower quadrant pain","Pain localized to other parts of lower abdomen"
R103,3,R1033,"Periumbilical pain","Periumbilical pain","Pain localized to other parts of lower abdomen"
R1081,1,R10811,"Right upper quadrant abdominal tenderness","Right upper quadrant abdominal tenderness","Abdominal tenderness"
R1081,2,R10812,"Left upper quadrant abdominal tenderness","Left upper quadrant abdominal tenderness","Abdominal tenderness"
R1081,3,R10813,"Right lower quadrant abdominal tenderness","Right lower quadrant abdominal tenderness","Abdominal tenderness"
R1081,4,R10814,"Left lower quadrant abdominal tenderness","Left lower quadrant abdominal tenderness","Abdominal tenderness"
R1081,5,R10815,"Periumbilic abdominal tenderness","Periumbilic abdominal tenderness","Abdominal tenderness"
R1081,6,R10816,"Epigastric abdominal tenderness","Epigastric abdominal tenderness","Abdominal tenderness"
R1081,7,R10817,"Generalized abdominal tenderness","Generalized abdominal tenderness","Abdominal tenderness"
R1081,9,R10819,"Abdominal tenderness, unspecified site","Abdominal tenderness, unspecified site","Abdominal tenderness"
R1082,1,R10821,"Right upper quadrant rebound abdominal tenderness","Right upper quadrant rebound abdominal tenderness","Rebound abdominal tenderness"
R1082,2,R10822,"Left upper quadrant rebound abdominal tenderness","Left upper quadrant rebound abdominal tenderness","Rebound abdominal tenderness"
R1082,3,R10823,"Right lower quadrant rebound abdominal tenderness","Right lower quadrant rebound abdominal tenderness","Rebound abdominal tenderness"
R1082,4,R10824,"Left lower quadrant rebound abdominal tenderness","Left lower quadrant rebound abdominal tenderness","Rebound abdominal tenderness"
R1082,5,R10825,"Periumbilic rebound abdominal tenderness","Periumbilic rebound abdominal tenderness","Rebound abdominal tenderness"
R1082,6,R10826,"Epigastric rebound abdominal tenderness","Epigastric rebound abdominal tenderness","Rebound abdominal tenderness"
R1082,7,R10827,"Generalized rebound abdominal tenderness","Generalized rebound abdominal tenderness","Rebound abdominal tenderness"
R1082,9,R10829,"Rebound abdominal tenderness, unspecified site","Rebound abdominal tenderness, unspecified site","Rebound abdominal tenderness"
R1083,,R1083,"Colic","Colic","Colic"
R1084,,R1084,"Generalized abdominal pain","Generalized abdominal pain","Generalized abdominal pain"
R109,,R109,"Unspecified abdominal pain","Unspecified abdominal pain","Unspecified abdominal pain"
R11,0,R110,"Nausea","Nausea","Nausea and vomiting"
R111,0,R1110,"Vomiting, unspecified","Vomiting, unspecified","Vomiting"
R111,1,R1111,"Vomiting without nausea","Vomiting without nausea","Vomiting"
R111,2,R1112,"Projectile vomiting","Projectile vomiting","Vomiting"
R111,3,R1113,"Vomiting of fecal matter","Vomiting of fecal matter","Vomiting"
R111,4,R1114,"Bilious vomiting","Bilious vomiting","Vomiting"
R112,,R112,"Nausea with vomiting, unspecified","Nausea with vomiting, unspecified","Nausea with vomiting, unspecified"
R12,,R12,"Heartburn","Heartburn","Heartburn"
R13,0,R130,"Aphagia","Aphagia","Aphagia and dysphagia"
R131,0,R1310,"Dysphagia, unspecified","Dysphagia, unspecified","Dysphagia"
R131,1,R1311,"Dysphagia, oral phase","Dysphagia, oral phase","Dysphagia"
R131,2,R1312,"Dysphagia, oropharyngeal phase","Dysphagia, oropharyngeal phase","Dysphagia"
R131,3,R1313,"Dysphagia, pharyngeal phase","Dysphagia, pharyngeal phase","Dysphagia"
R131,4,R1314,"Dysphagia, pharyngoesophageal phase","Dysphagia, pharyngoesophageal phase","Dysphagia"
R131,9,R1319,"Other dysphagia","Other dysphagia","Dysphagia"
R14,0,R140,"Abdominal distension (gaseous)","Abdominal distension (gaseous)","Flatulence and related conditions"
R14,1,R141,"Gas pain","Gas pain","Flatulence and related conditions"
R14,2,R142,"Eructation","Eructation","Flatulence and related conditions"
R14,3,R143,"Flatulence","Flatulence","Flatulence and related conditions"
R15,0,R150,"Incomplete defecation","Incomplete defecation","Fecal incontinence"
R15,1,R151,"Fecal smearing","Fecal smearing","Fecal incontinence"
R15,2,R152,"Fecal urgency","Fecal urgency","Fecal incontinence"
R15,9,R159,"Full incontinence of feces","Full incontinence of feces","Fecal incontinence"
R16,0,R160,"Hepatomegaly, not elsewhere classified","Hepatomegaly, not elsewhere classified","Hepatomegaly and splenomegaly, not elsewhere classified"
R16,1,R161,"Splenomegaly, not elsewhere classified","Splenomegaly, not elsewhere classified","Hepatomegaly and splenomegaly, not elsewhere classified"
R16,2,R162,"Hepatomegaly with splenomegaly, not elsewhere classified","Hepatomegaly with splenomegaly, not elsewhere classified","Hepatomegaly and splenomegaly, not elsewhere classified"
R17,,R17,"Unspecified jaundice","Unspecified jaundice","Unspecified jaundice"
R18,0,R180,"Malignant ascites","Malignant ascites","Ascites"
R18,8,R188,"Other ascites","Other ascites","Ascites"
R190,0,R1900,"Intra-abd and pelvic swelling, mass and lump, unsp site","Intra-abdominal and pelvic swelling, mass and lump, unspecified site","Intra-abdominal and pelvic swelling, mass and lump"
R190,1,R1901,"Right upper quadrant abdominal swelling, mass and lump","Right upper quadrant abdominal swelling, mass and lump","Intra-abdominal and pelvic swelling, mass and lump"
R190,2,R1902,"Left upper quadrant abdominal swelling, mass and lump","Left upper quadrant abdominal swelling, mass and lump","Intra-abdominal and pelvic swelling, mass and lump"
R190,3,R1903,"Right lower quadrant abdominal swelling, mass and lump","Right lower quadrant abdominal swelling, mass and lump","Intra-abdominal and pelvic swelling, mass and lump"
R190,4,R1904,"Left lower quadrant abdominal swelling, mass and lump","Left lower quadrant abdominal swelling, mass and lump","Intra-abdominal and pelvic swelling, mass and lump"
R190,5,R1905,"Periumbilic swelling, mass or lump","Periumbilic swelling, mass or lump","Intra-abdominal and pelvic swelling, mass and lump"
R190,6,R1906,"Epigastric swelling, mass or lump","Epigastric swelling, mass or lump","Intra-abdominal and pelvic swelling, mass and lump"
R190,7,R1907,"Generalized intra-abd and pelvic swelling, mass and lump","Generalized intra-abdominal and pelvic swelling, mass and lump","Intra-abdominal and pelvic swelling, mass and lump"
R190,9,R1909,"Other intra-abdominal and pelvic swelling, mass and lump","Other intra-abdominal and pelvic swelling, mass and lump","Intra-abdominal and pelvic swelling, mass and lump"
R191,1,R1911,"Absent bowel sounds","Absent bowel sounds","Abnormal bowel sounds"
R191,2,R1912,"Hyperactive bowel sounds","Hyperactive bowel sounds","Abnormal bowel sounds"
R191,5,R1915,"Other abnormal bowel sounds","Other abnormal bowel sounds","Abnormal bowel sounds"
R192,,R192,"Visible peristalsis","Visible peristalsis","Visible peristalsis"
R193,0,R1930,"Abdominal rigidity, unspecified site","Abdominal rigidity, unspecified site","Abdominal rigidity"
R193,1,R1931,"Right upper quadrant abdominal rigidity","Right upper quadrant abdominal rigidity","Abdominal rigidity"
R193,2,R1932,"Left upper quadrant abdominal rigidity","Left upper quadrant abdominal rigidity","Abdominal rigidity"
R193,3,R1933,"Right lower quadrant abdominal rigidity","Right lower quadrant abdominal rigidity","Abdominal rigidity"
R193,4,R1934,"Left lower quadrant abdominal rigidity","Left lower quadrant abdominal rigidity","Abdominal rigidity"
R193,5,R1935,"Periumbilic abdominal rigidity","Periumbilic abdominal rigidity","Abdominal rigidity"
R193,6,R1936,"Epigastric abdominal rigidity","Epigastric abdominal rigidity","Abdominal rigidity"
R193,7,R1937,"Generalized abdominal rigidity","Generalized abdominal rigidity","Abdominal rigidity"
R194,,R194,"Change in bowel habit","Change in bowel habit","Change in bowel habit"
R195,,R195,"Other fecal abnormalities","Other fecal abnormalities","Other fecal abnormalities"
R196,,R196,"Halitosis","Halitosis","Halitosis"
R197,,R197,"Diarrhea, unspecified","Diarrhea, unspecified","Diarrhea, unspecified"
R198,,R198,"Oth symptoms and signs involving the dgstv sys and abdomen","Other specified symptoms and signs involving the digestive system and abdomen","Other specified symptoms and signs involving the digestive system and abdomen"
R20,0,R200,"Anesthesia of skin","Anesthesia of skin","Disturbances of skin sensation"
R20,1,R201,"Hypoesthesia of skin","Hypoesthesia of skin","Disturbances of skin sensation"
R20,2,R202,"Paresthesia of skin","Paresthesia of skin","Disturbances of skin sensation"
R20,3,R203,"Hyperesthesia","Hyperesthesia","Disturbances of skin sensation"
R20,8,R208,"Other disturbances of skin sensation","Other disturbances of skin sensation","Disturbances of skin sensation"
R20,9,R209,"Unspecified disturbances of skin sensation","Unspecified disturbances of skin sensation","Disturbances of skin sensation"
R21,,R21,"Rash and other nonspecific skin eruption","Rash and other nonspecific skin eruption","Rash and other nonspecific skin eruption"
R22,0,R220,"Localized swelling, mass and lump, head","Localized swelling, mass and lump, head","Localized swelling, mass and lump of skin and subcutaneous tissue"
R22,1,R221,"Localized swelling, mass and lump, neck","Localized swelling, mass and lump, neck","Localized swelling, mass and lump of skin and subcutaneous tissue"
R22,2,R222,"Localized swelling, mass and lump, trunk","Localized swelling, mass and lump, trunk","Localized swelling, mass and lump of skin and subcutaneous tissue"
R223,0,R2230,"Localized swelling, mass and lump, unspecified upper limb","Localized swelling, mass and lump, unspecified upper limb","Localized swelling, mass and lump, upper limb"
R223,1,R2231,"Localized swelling, mass and lump, right upper limb","Localized swelling, mass and lump, right upper limb","Localized swelling, mass and lump, upper limb"
R223,2,R2232,"Localized swelling, mass and lump, left upper limb","Localized swelling, mass and lump, left upper limb","Localized swelling, mass and lump, upper limb"
R223,3,R2233,"Localized swelling, mass and lump, upper limb, bilateral","Localized swelling, mass and lump, upper limb, bilateral","Localized swelling, mass and lump, upper limb"
R224,0,R2240,"Localized swelling, mass and lump, unspecified lower limb","Localized swelling, mass and lump, unspecified lower limb","Localized swelling, mass and lump, lower limb"
R224,1,R2241,"Localized swelling, mass and lump, right lower limb","Localized swelling, mass and lump, right lower limb","Localized swelling, mass and lump, lower limb"
R224,2,R2242,"Localized swelling, mass and lump, left lower limb","Localized swelling, mass and lump, left lower limb","Localized swelling, mass and lump, lower limb"
R224,3,R2243,"Localized swelling, mass and lump, lower limb, bilateral","Localized swelling, mass and lump, lower limb, bilateral","Localized swelling, mass and lump, lower limb"
R229,,R229,"Localized swelling, mass and lump, unspecified","Localized swelling, mass and lump, unspecified","Localized swelling, mass and lump, unspecified"
R23,0,R230,"Cyanosis","Cyanosis","Other skin changes"
R23,1,R231,"Pallor","Pallor","Other skin changes"
R23,2,R232,"Flushing","Flushing","Other skin changes"
R23,3,R233,"Spontaneous ecchymoses","Spontaneous ecchymoses","Other skin changes"
R23,4,R234,"Changes in skin texture","Changes in skin texture","Other skin changes"
R23,8,R238,"Other skin changes","Other skin changes","Other skin changes"
R23,9,R239,"Unspecified skin changes","Unspecified skin changes","Other skin changes"
R25,0,R250,"Abnormal head movements","Abnormal head movements","Abnormal involuntary movements"
R25,1,R251,"Tremor, unspecified","Tremor, unspecified","Abnormal involuntary movements"
R25,2,R252,"Cramp and spasm","Cramp and spasm","Abnormal involuntary movements"
R25,3,R253,"Fasciculation","Fasciculation","Abnormal involuntary movements"
R25,8,R258,"Other abnormal involuntary movements","Other abnormal involuntary movements","Abnormal involuntary movements"
R25,9,R259,"Unspecified abnormal involuntary movements","Unspecified abnormal involuntary movements","Abnormal involuntary movements"
R26,0,R260,"Ataxic gait","Ataxic gait","Abnormalities of gait and mobility"
R26,1,R261,"Paralytic gait","Paralytic gait","Abnormalities of gait and mobility"
R26,2,R262,"Difficulty in walking, not elsewhere classified","Difficulty in walking, not elsewhere classified","Abnormalities of gait and mobility"
R268,1,R2681,"Unsteadiness on feet","Unsteadiness on feet","Other abnormalities of gait and mobility"
R268,9,R2689,"Other abnormalities of gait and mobility","Other abnormalities of gait and mobility","Other abnormalities of gait and mobility"
R269,,R269,"Unspecified abnormalities of gait and mobility","Unspecified abnormalities of gait and mobility","Unspecified abnormalities of gait and mobility"
R27,0,R270,"Ataxia, unspecified","Ataxia, unspecified","Other lack of coordination"
R27,8,R278,"Other lack of coordination","Other lack of coordination","Other lack of coordination"
R27,9,R279,"Unspecified lack of coordination","Unspecified lack of coordination","Other lack of coordination"
R29,0,R290,"Tetany","Tetany","Other symptoms and signs involving the nervous and musculoskeletal systems"
R29,1,R291,"Meningismus","Meningismus","Other symptoms and signs involving the nervous and musculoskeletal systems"
R29,2,R292,"Abnormal reflex","Abnormal reflex","Other symptoms and signs involving the nervous and musculoskeletal systems"
R29,3,R293,"Abnormal posture","Abnormal posture","Other symptoms and signs involving the nervous and musculoskeletal systems"
R29,4,R294,"Clicking hip","Clicking hip","Other symptoms and signs involving the nervous and musculoskeletal systems"
R29,5,R295,"Transient paralysis","Transient paralysis","Other symptoms and signs involving the nervous and musculoskeletal systems"
R29,6,R296,"Repeated falls","Repeated falls","Other symptoms and signs involving the nervous and musculoskeletal systems"
R2970,0,R29700,"NIHSS score 0","NIHSS score 0","NIHSS score 0-9"
R2970,1,R29701,"NIHSS score 1","NIHSS score 1","NIHSS score 0-9"
R2970,2,R29702,"NIHSS score 2","NIHSS score 2","NIHSS score 0-9"
R2970,3,R29703,"NIHSS score 3","NIHSS score 3","NIHSS score 0-9"
R2970,4,R29704,"NIHSS score 4","NIHSS score 4","NIHSS score 0-9"
R2970,5,R29705,"NIHSS score 5","NIHSS score 5","NIHSS score 0-9"
R2970,6,R29706,"NIHSS score 6","NIHSS score 6","NIHSS score 0-9"
R2970,7,R29707,"NIHSS score 7","NIHSS score 7","NIHSS score 0-9"
R2970,8,R29708,"NIHSS score 8","NIHSS score 8","NIHSS score 0-9"
R2970,9,R29709,"NIHSS score 9","NIHSS score 9","NIHSS score 0-9"
R2971,0,R29710,"NIHSS score 10","NIHSS score 10","NIHSS score 10-19"
R2971,1,R29711,"NIHSS score 11","NIHSS score 11","NIHSS score 10-19"
R2971,2,R29712,"NIHSS score 12","NIHSS score 12","NIHSS score 10-19"
R2971,3,R29713,"NIHSS score 13","NIHSS score 13","NIHSS score 10-19"
R2971,4,R29714,"NIHSS score 14","NIHSS score 14","NIHSS score 10-19"
R2971,5,R29715,"NIHSS score 15","NIHSS score 15","NIHSS score 10-19"
R2971,6,R29716,"NIHSS score 16","NIHSS score 16","NIHSS score 10-19"
R2971,7,R29717,"NIHSS score 17","NIHSS score 17","NIHSS score 10-19"
R2971,8,R29718,"NIHSS score 18","NIHSS score 18","NIHSS score 10-19"
R2971,9,R29719,"NIHSS score 19","NIHSS score 19","NIHSS score 10-19"
R2972,0,R29720,"NIHSS score 20","NIHSS score 20","NIHSS score 20-29"
R2972,1,R29721,"NIHSS score 21","NIHSS score 21","NIHSS score 20-29"
R2972,2,R29722,"NIHSS score 22","NIHSS score 22","NIHSS score 20-29"
R2972,3,R29723,"NIHSS score 23","NIHSS score 23","NIHSS score 20-29"
R2972,4,R29724,"NIHSS score 24","NIHSS score 24","NIHSS score 20-29"
R2972,5,R29725,"NIHSS score 25","NIHSS score 25","NIHSS score 20-29"
R2972,6,R29726,"NIHSS score 26","NIHSS score 26","NIHSS score 20-29"
R2972,7,R29727,"NIHSS score 27","NIHSS score 27","NIHSS score 20-29"
R2972,8,R29728,"NIHSS score 28","NIHSS score 28","NIHSS score 20-29"
R2972,9,R29729,"NIHSS score 29","NIHSS score 29","NIHSS score 20-29"
R2973,0,R29730,"NIHSS score 30","NIHSS score 30","NIHSS score 30-39"
R2973,1,R29731,"NIHSS score 31","NIHSS score 31","NIHSS score 30-39"
R2973,2,R29732,"NIHSS score 32","NIHSS score 32","NIHSS score 30-39"
R2973,3,R29733,"NIHSS score 33","NIHSS score 33","NIHSS score 30-39"
R2973,4,R29734,"NIHSS score 34","NIHSS score 34","NIHSS score 30-39"
R2973,5,R29735,"NIHSS score 35","NIHSS score 35","NIHSS score 30-39"
R2973,6,R29736,"NIHSS score 36","NIHSS score 36","NIHSS score 30-39"
R2973,7,R29737,"NIHSS score 37","NIHSS score 37","NIHSS score 30-39"
R2973,8,R29738,"NIHSS score 38","NIHSS score 38","NIHSS score 30-39"
R2973,9,R29739,"NIHSS score 39","NIHSS score 39","NIHSS score 30-39"
R2974,0,R29740,"NIHSS score 40","NIHSS score 40","NIHSS score 40-42"
R2974,1,R29741,"NIHSS score 41","NIHSS score 41","NIHSS score 40-42"
R2974,2,R29742,"NIHSS score 42","NIHSS score 42","NIHSS score 40-42"
R2981,0,R29810,"Facial weakness","Facial weakness","Other symptoms and signs involving the nervous system"
R2981,8,R29818,"Other symptoms and signs involving the nervous system","Other symptoms and signs involving the nervous system","Other symptoms and signs involving the nervous system"
R2989,0,R29890,"Loss of height","Loss of height","Other symptoms and signs involving the musculoskeletal system"
R2989,1,R29891,"Ocular torticollis","Ocular torticollis","Other symptoms and signs involving the musculoskeletal system"
R2989,8,R29898,"Oth symptoms and signs involving the musculoskeletal system","Other symptoms and signs involving the musculoskeletal system","Other symptoms and signs involving the musculoskeletal system"
R299,0,R2990,"Unspecified symptoms and signs involving the nervous system","Unspecified symptoms and signs involving the nervous system","Unspecified symptoms and signs involving the nervous and musculoskeletal systems"
R299,1,R2991,"Unsp symptoms and signs involving the musculoskeletal system","Unspecified symptoms and signs involving the musculoskeletal system","Unspecified symptoms and signs involving the nervous and musculoskeletal systems"
R30,0,R300,"Dysuria","Dysuria","Pain associated with micturition"
R30,1,R301,"Vesical tenesmus","Vesical tenesmus","Pain associated with micturition"
R30,9,R309,"Painful micturition, unspecified","Painful micturition, unspecified","Pain associated with micturition"
R31,0,R310,"Gross hematuria","Gross hematuria","Hematuria"
R31,1,R311,"Benign essential microscopic hematuria","Benign essential microscopic hematuria","Hematuria"
R312,1,R3121,"Asymptomatic microscopic hematuria","Asymptomatic microscopic hematuria","Other microscopic hematuria"
R312,9,R3129,"Other microscopic hematuria","Other microscopic hematuria","Other microscopic hematuria"
R319,,R319,"Hematuria, unspecified","Hematuria, unspecified","Hematuria, unspecified"
R32,,R32,"Unspecified urinary incontinence","Unspecified urinary incontinence","Unspecified urinary incontinence"
R33,0,R330,"Drug induced retention of urine","Drug induced retention of urine","Retention of urine"
R33,8,R338,"Other retention of urine","Other retention of urine","Retention of urine"
R33,9,R339,"Retention of urine, unspecified","Retention of urine, unspecified","Retention of urine"
R34,,R34,"Anuria and oliguria","Anuria and oliguria","Anuria and oliguria"
R35,0,R350,"Frequency of micturition","Frequency of micturition","Polyuria"
R35,1,R351,"Nocturia","Nocturia","Polyuria"
R35,8,R358,"Other polyuria","Other polyuria","Polyuria"
R36,0,R360,"Urethral discharge without blood","Urethral discharge without blood","Urethral discharge"
R36,1,R361,"Hematospermia","Hematospermia","Urethral discharge"
R36,9,R369,"Urethral discharge, unspecified","Urethral discharge, unspecified","Urethral discharge"
R37,,R37,"Sexual dysfunction, unspecified","Sexual dysfunction, unspecified","Sexual dysfunction, unspecified"
R39,0,R390,"Extravasation of urine","Extravasation of urine","Other and unspecified symptoms and signs involving the genitourinary system"
R391,1,R3911,"Hesitancy of micturition","Hesitancy of micturition","Other difficulties with micturition"
R391,2,R3912,"Poor urinary stream","Poor urinary stream","Other difficulties with micturition"
R391,3,R3913,"Splitting of urinary stream","Splitting of urinary stream","Other difficulties with micturition"
R391,4,R3914,"Feeling of incomplete bladder emptying","Feeling of incomplete bladder emptying","Other difficulties with micturition"
R391,5,R3915,"Urgency of urination","Urgency of urination","Other difficulties with micturition"
R391,6,R3916,"Straining to void","Straining to void","Other difficulties with micturition"
R3919,1,R39191,"Need to immediately re-void","Need to immediately re-void","Other difficulties with micturition"
R3919,2,R39192,"Position dependent micturition","Position dependent micturition","Other difficulties with micturition"
R3919,8,R39198,"Other difficulties with micturition","Other difficulties with micturition","Other difficulties with micturition"
R392,,R392,"Extrarenal uremia","Extrarenal uremia","Extrarenal uremia"
R398,1,R3981,"Functional urinary incontinence","Functional urinary incontinence","Other symptoms and signs involving the genitourinary system"
R398,2,R3982,"Chronic bladder pain","Chronic bladder pain","Other symptoms and signs involving the genitourinary system"
R398,3,R3983,"Unilateral non-palpable testicle","Unilateral non-palpable testicle","Other symptoms and signs involving the genitourinary system"
R398,4,R3984,"Bilateral non-palpable testicles","Bilateral non-palpable testicles","Other symptoms and signs involving the genitourinary system"
R398,9,R3989,"Other symptoms and signs involving the genitourinary system","Other symptoms and signs involving the genitourinary system","Other symptoms and signs involving the genitourinary system"
R399,,R399,"Unsp symptoms and signs involving the genitourinary system","Unspecified symptoms and signs involving the genitourinary system","Unspecified symptoms and signs involving the genitourinary system"
R40,0,R400,"Somnolence","Somnolence","Somnolence, stupor and coma"
R40,1,R401,"Stupor","Stupor","Somnolence, stupor and coma"
R402,0,R4020,"Unspecified coma","Unspecified coma","Coma"
R40211,0,R402110,"Coma scale, eyes open, never, unspecified time","Coma scale, eyes open, never, unspecified time","Coma scale, eyes open, never"
R40211,1,R402111,"Coma scale, eyes open, never, in the field","Coma scale, eyes open, never, in the field [EMT or ambulance]","Coma scale, eyes open, never"
R40211,2,R402112,"Coma scale, eyes open, never, EMR","Coma scale, eyes open, never, at arrival to emergency department","Coma scale, eyes open, never"
R40211,3,R402113,"Coma scale, eyes open, never, at hospital admission","Coma scale, eyes open, never, at hospital admission","Coma scale, eyes open, never"
R40211,4,R402114,"Coma scale, eyes open, never, 24+hrs","Coma scale, eyes open, never, 24 hours or more after hospital admission","Coma scale, eyes open, never"
R40212,0,R402120,"Coma scale, eyes open, to pain, unspecified time","Coma scale, eyes open, to pain, unspecified time","Coma scale, eyes open, to pain"
R40212,1,R402121,"Coma scale, eyes open, to pain, in the field","Coma scale, eyes open, to pain, in the field [EMT or ambulance]","Coma scale, eyes open, to pain"
R40212,2,R402122,"Coma scale, eyes open, to pain, EMR","Coma scale, eyes open, to pain, at arrival to emergency department","Coma scale, eyes open, to pain"
R40212,3,R402123,"Coma scale, eyes open, to pain, at hospital admission","Coma scale, eyes open, to pain, at hospital admission","Coma scale, eyes open, to pain"
R40212,4,R402124,"Coma scale, eyes open, to pain, 24+hrs","Coma scale, eyes open, to pain, 24 hours or more after hospital admission","Coma scale, eyes open, to pain"
R40213,0,R402130,"Coma scale, eyes open, to sound, unspecified time","Coma scale, eyes open, to sound, unspecified time","Coma scale, eyes open, to sound"
R40213,1,R402131,"Coma scale, eyes open, to sound, in the field","Coma scale, eyes open, to sound, in the field [EMT or ambulance]","Coma scale, eyes open, to sound"
R40213,2,R402132,"Coma scale, eyes open, to sound, EMR","Coma scale, eyes open, to sound, at arrival to emergency department","Coma scale, eyes open, to sound"
R40213,3,R402133,"Coma scale, eyes open, to sound, at hospital admission","Coma scale, eyes open, to sound, at hospital admission","Coma scale, eyes open, to sound"
R40213,4,R402134,"Coma scale, eyes open, to sound, 24+hrs","Coma scale, eyes open, to sound, 24 hours or more after hospital admission","Coma scale, eyes open, to sound"
R40214,0,R402140,"Coma scale, eyes open, spontaneous, unspecified time","Coma scale, eyes open, spontaneous, unspecified time","Coma scale, eyes open, spontaneous"
R40214,1,R402141,"Coma scale, eyes open, spontaneous, in the field","Coma scale, eyes open, spontaneous, in the field [EMT or ambulance]","Coma scale, eyes open, spontaneous"
R40214,2,R402142,"Coma scale, eyes open, spontaneous, EMR","Coma scale, eyes open, spontaneous, at arrival to emergency department","Coma scale, eyes open, spontaneous"
R40214,3,R402143,"Coma scale, eyes open, spontaneous, at hospital admission","Coma scale, eyes open, spontaneous, at hospital admission","Coma scale, eyes open, spontaneous"
R40214,4,R402144,"Coma scale, eyes open, spontaneous, 24+hrs","Coma scale, eyes open, spontaneous, 24 hours or more after hospital admission","Coma scale, eyes open, spontaneous"
R40221,0,R402210,"Coma scale, best verbal response, none, unspecified time","Coma scale, best verbal response, none, unspecified time","Coma scale, best verbal response, none"
R40221,1,R402211,"Coma scale, best verbal response, none, in the field","Coma scale, best verbal response, none, in the field [EMT or ambulance]","Coma scale, best verbal response, none"
R40221,2,R402212,"Coma scale, best verbal response, none, EMR","Coma scale, best verbal response, none, at arrival to emergency department","Coma scale, best verbal response, none"
R40221,3,R402213,"Coma scale, best verbal response, none, admit","Coma scale, best verbal response, none, at hospital admission","Coma scale, best verbal response, none"
R40221,4,R402214,"Coma scale, best verbal response, none, 24+hrs","Coma scale, best verbal response, none, 24 hours or more after hospital admission","Coma scale, best verbal response, none"
R40222,0,R402220,"Coma scale, best verb, incomprehensible words, unsp time","Coma scale, best verbal response, incomprehensible words, unspecified time","Coma scale, best verbal response, incomprehensible words"
R40222,1,R402221,"Coma scale, best verb, incomprehensible words, in the field","Coma scale, best verbal response, incomprehensible words, in the field [EMT or ambulance]","Coma scale, best verbal response, incomprehensible words"
R40222,2,R402222,"Coma scale, best verb, incomprehensible words, EMR","Coma scale, best verbal response, incomprehensible words, at arrival to emergency department","Coma scale, best verbal response, incomprehensible words"
R40222,3,R402223,"Coma scale, best verb, incomprehensible words, admit","Coma scale, best verbal response, incomprehensible words, at hospital admission","Coma scale, best verbal response, incomprehensible words"
R40222,4,R402224,"Coma scale, best verb, incomprehensible words, 24+hrs","Coma scale, best verbal response, incomprehensible words, 24 hours or more after hospital admission","Coma scale, best verbal response, incomprehensible words"
R40223,0,R402230,"Coma scale, best verb, inappropriate words, unsp time","Coma scale, best verbal response, inappropriate words, unspecified time","Coma scale, best verbal response, inappropriate words"
R40223,1,R402231,"Coma scale, best verb, inappropriate words, in the field","Coma scale, best verbal response, inappropriate words, in the field [EMT or ambulance]","Coma scale, best verbal response, inappropriate words"
R40223,2,R402232,"Coma scale, best verbal response, inappropriate words, EMR","Coma scale, best verbal response, inappropriate words, at arrival to emergency department","Coma scale, best verbal response, inappropriate words"
R40223,3,R402233,"Coma scale, best verbal response, inappropriate words, admit","Coma scale, best verbal response, inappropriate words, at hospital admission","Coma scale, best verbal response, inappropriate words"
R40223,4,R402234,"Coma scale, best verb, inappropriate words, 24+hrs","Coma scale, best verbal response, inappropriate words, 24 hours or more after hospital admission","Coma scale, best verbal response, inappropriate words"
R40224,0,R402240,"Coma scale, best verb, confused conversation, unsp time","Coma scale, best verbal response, confused conversation, unspecified time","Coma scale, best verbal response, confused conversation"
R40224,1,R402241,"Coma scale, best verb, confused conversation, in the field","Coma scale, best verbal response, confused conversation, in the field [EMT or ambulance]","Coma scale, best verbal response, confused conversation"
R40224,2,R402242,"Coma scale, best verbal response, confused conversation, EMR","Coma scale, best verbal response, confused conversation, at arrival to emergency department","Coma scale, best verbal response, confused conversation"
R40224,3,R402243,"Coma scale, best verb, confused conversation, admit","Coma scale, best verbal response, confused conversation, at hospital admission","Coma scale, best verbal response, confused conversation"
R40224,4,R402244,"Coma scale, best verb, confused conversation, 24+hrs","Coma scale, best verbal response, confused conversation, 24 hours or more after hospital admission","Coma scale, best verbal response, confused conversation"
R40225,0,R402250,"Coma scale, best verbal response, oriented, unspecified time","Coma scale, best verbal response, oriented, unspecified time","Coma scale, best verbal response, oriented"
R40225,1,R402251,"Coma scale, best verbal response, oriented, in the field","Coma scale, best verbal response, oriented, in the field [EMT or ambulance]","Coma scale, best verbal response, oriented"
R40225,2,R402252,"Coma scale, best verbal response, oriented, EMR","Coma scale, best verbal response, oriented, at arrival to emergency department","Coma scale, best verbal response, oriented"
R40225,3,R402253,"Coma scale, best verbal response, oriented, admit","Coma scale, best verbal response, oriented, at hospital admission","Coma scale, best verbal response, oriented"
R40225,4,R402254,"Coma scale, best verbal response, oriented, 24+hrs","Coma scale, best verbal response, oriented, 24 hours or more after hospital admission","Coma scale, best verbal response, oriented"
R40231,0,R402310,"Coma scale, best motor response, none, unspecified time","Coma scale, best motor response, none, unspecified time","Coma scale, best motor response, none"
R40231,1,R402311,"Coma scale, best motor response, none, in the field","Coma scale, best motor response, none, in the field [EMT or ambulance]","Coma scale, best motor response, none"
R40231,2,R402312,"Coma scale, best motor response, none, EMR","Coma scale, best motor response, none, at arrival to emergency department","Coma scale, best motor response, none"
R40231,3,R402313,"Coma scale, best motor response, none, at hospital admission","Coma scale, best motor response, none, at hospital admission","Coma scale, best motor response, none"
R40231,4,R402314,"Coma scale, best motor response, none, 24+hrs","Coma scale, best motor response, none, 24 hours or more after hospital admission","Coma scale, best motor response, none"
R40232,0,R402320,"Coma scale, best motor response, extension, unspecified time","Coma scale, best motor response, extension, unspecified time","Coma scale, best motor response, extension"
R40232,1,R402321,"Coma scale, best motor response, extension, in the field","Coma scale, best motor response, extension, in the field [EMT or ambulance]","Coma scale, best motor response, extension"
R40232,2,R402322,"Coma scale, best motor response, extension, EMR","Coma scale, best motor response, extension, at arrival to emergency department","Coma scale, best motor response, extension"
R40232,3,R402323,"Coma scale, best motor response, extension, admit","Coma scale, best motor response, extension, at hospital admission","Coma scale, best motor response, extension"
R40232,4,R402324,"Coma scale, best motor response, extension, 24+hrs","Coma scale, best motor response, extension, 24 hours or more after hospital admission","Coma scale, best motor response, extension"
R40233,0,R402330,"Coma scale, best motor response, abnormal, unspecified time","Coma scale, best motor response, abnormal, unspecified time","Coma scale, best motor response, abnormal"
R40233,1,R402331,"Coma scale, best motor response, abnormal, in the field","Coma scale, best motor response, abnormal, in the field [EMT or ambulance]","Coma scale, best motor response, abnormal"
R40233,2,R402332,"Coma scale, best motor response, abnormal, EMR","Coma scale, best motor response, abnormal, at arrival to emergency department","Coma scale, best motor response, abnormal"
R40233,3,R402333,"Coma scale, best motor response, abnormal, admit","Coma scale, best motor response, abnormal, at hospital admission","Coma scale, best motor response, abnormal"
R40233,4,R402334,"Coma scale, best motor response, abnormal, 24+hrs","Coma scale, best motor response, abnormal, 24 hours or more after hospital admission","Coma scale, best motor response, abnormal"
R40234,0,R402340,"Coma scale, best motor, flexion withdrawal, unsp time","Coma scale, best motor response, flexion withdrawal, unspecified time","Coma scale, best motor response, flexion withdrawal"
R40234,1,R402341,"Coma scale, best motor, flexion withdrawal, in the field","Coma scale, best motor response, flexion withdrawal, in the field [EMT or ambulance]","Coma scale, best motor response, flexion withdrawal"
R40234,2,R402342,"Coma scale, best motor response, flexion withdrawal, EMR","Coma scale, best motor response, flexion withdrawal, at arrival to emergency department","Coma scale, best motor response, flexion withdrawal"
R40234,3,R402343,"Coma scale, best motor response, flexion withdrawal, admit","Coma scale, best motor response, flexion withdrawal, at hospital admission","Coma scale, best motor response, flexion withdrawal"
R40234,4,R402344,"Coma scale, best motor response, flexion withdrawal, 24+hrs","Coma scale, best motor response, flexion withdrawal, 24 hours or more after hospital admission","Coma scale, best motor response, flexion withdrawal"
R40235,0,R402350,"Coma scale, best motor response, localizes pain, unsp time","Coma scale, best motor response, localizes pain, unspecified time","Coma scale, best motor response, localizes pain"
R40235,1,R402351,"Coma scale, best motor, localizes pain, in the field","Coma scale, best motor response, localizes pain, in the field [EMT or ambulance]","Coma scale, best motor response, localizes pain"
R40235,2,R402352,"Coma scale, best motor response, localizes pain, EMR","Coma scale, best motor response, localizes pain, at arrival to emergency department","Coma scale, best motor response, localizes pain"
R40235,3,R402353,"Coma scale, best motor response, localizes pain, admit","Coma scale, best motor response, localizes pain, at hospital admission","Coma scale, best motor response, localizes pain"
R40235,4,R402354,"Coma scale, best motor response, localizes pain, 24+hrs","Coma scale, best motor response, localizes pain, 24 hours or more after hospital admission","Coma scale, best motor response, localizes pain"
R40236,0,R402360,"Coma scale, best motor response, obeys commands, unsp time","Coma scale, best motor response, obeys commands, unspecified time","Coma scale, best motor response, obeys commands"
R40236,1,R402361,"Coma scale, best motor, obeys commands, in the field","Coma scale, best motor response, obeys commands, in the field [EMT or ambulance]","Coma scale, best motor response, obeys commands"
R40236,2,R402362,"Coma scale, best motor response, obeys commands, EMR","Coma scale, best motor response, obeys commands, at arrival to emergency department","Coma scale, best motor response, obeys commands"
R40236,3,R402363,"Coma scale, best motor response, obeys commands, admit","Coma scale, best motor response, obeys commands, at hospital admission","Coma scale, best motor response, obeys commands"
R40236,4,R402364,"Coma scale, best motor response, obeys commands, 24+hrs","Coma scale, best motor response, obeys commands, 24 hours or more after hospital admission","Coma scale, best motor response, obeys commands"
R40241,0,R402410,"Glasgow coma scale score 13-15, unspecified time","Glasgow coma scale score 13-15, unspecified time","Glasgow coma scale score 13-15"
R40241,1,R402411,"Glasgow coma scale score 13-15, in the field","Glasgow coma scale score 13-15, in the field [EMT or ambulance]","Glasgow coma scale score 13-15"
R40241,2,R402412,"Glasgow coma scale score 13-15, EMR","Glasgow coma scale score 13-15, at arrival to emergency department","Glasgow coma scale score 13-15"
R40241,3,R402413,"Glasgow coma scale score 13-15, at hospital admission","Glasgow coma scale score 13-15, at hospital admission","Glasgow coma scale score 13-15"
R40241,4,R402414,"Glasgow coma scale score 13-15, 24+hrs","Glasgow coma scale score 13-15, 24 hours or more after hospital admission","Glasgow coma scale score 13-15"
R40242,0,R402420,"Glasgow coma scale score 9-12, unspecified time","Glasgow coma scale score 9-12, unspecified time","Glasgow coma scale score 9-12"
R40242,1,R402421,"Glasgow coma scale score 9-12, in the field","Glasgow coma scale score 9-12, in the field [EMT or ambulance]","Glasgow coma scale score 9-12"
R40242,2,R402422,"Glasgow coma scale score 9-12, EMR","Glasgow coma scale score 9-12, at arrival to emergency department","Glasgow coma scale score 9-12"
R40242,3,R402423,"Glasgow coma scale score 9-12, at hospital admission","Glasgow coma scale score 9-12, at hospital admission","Glasgow coma scale score 9-12"
R40242,4,R402424,"Glasgow coma scale score 9-12, 24+hrs","Glasgow coma scale score 9-12, 24 hours or more after hospital admission","Glasgow coma scale score 9-12"
R40243,0,R402430,"Glasgow coma scale score 3-8, unspecified time","Glasgow coma scale score 3-8, unspecified time","Glasgow coma scale score 3-8"
R40243,1,R402431,"Glasgow coma scale score 3-8, in the field","Glasgow coma scale score 3-8, in the field [EMT or ambulance]","Glasgow coma scale score 3-8"
R40243,2,R402432,"Glasgow coma scale score 3-8, EMR","Glasgow coma scale score 3-8, at arrival to emergency department","Glasgow coma scale score 3-8"
R40243,3,R402433,"Glasgow coma scale score 3-8, at hospital admission","Glasgow coma scale score 3-8, at hospital admission","Glasgow coma scale score 3-8"
R40243,4,R402434,"Glasgow coma scale score 3-8, 24+hrs","Glasgow coma scale score 3-8, 24 hours or more after hospital admission","Glasgow coma scale score 3-8"
R40244,0,R402440,"Other coma, without Glasgow, or w/part score, unsp time","Other coma, without documented Glasgow coma scale score, or with partial score reported, unspecified time","Other coma, without documented Glasgow coma scale score, or with partial score reported"
R40244,1,R402441,"Other coma, without Glasgow, or w/part score, in the field","Other coma, without documented Glasgow coma scale score, or with partial score reported, in the field [EMT or ambulance]","Other coma, without documented Glasgow coma scale score, or with partial score reported"
R40244,2,R402442,"Other coma, without documented Glasgow, or w/part score, EMR","Other coma, without documented Glasgow coma scale score, or with partial score reported, at arrival to emergency department","Other coma, without documented Glasgow coma scale score, or with partial score reported"
R40244,3,R402443,"Other coma, without Glasgow, or w/part score, admit","Other coma, without documented Glasgow coma scale score, or with partial score reported, at hospital admission","Other coma, without documented Glasgow coma scale score, or with partial score reported"
R40244,4,R402444,"Other coma, without Glasgow, or w/part score, 24+hrs","Other coma, without documented Glasgow coma scale score, or with partial score reported, 24 hours or more after hospital admission","Other coma, without documented Glasgow coma scale score, or with partial score reported"
R403,,R403,"Persistent vegetative state","Persistent vegetative state","Persistent vegetative state"
R404,,R404,"Transient alteration of awareness","Transient alteration of awareness","Transient alteration of awareness"
R41,0,R410,"Disorientation, unspecified","Disorientation, unspecified","Other symptoms and signs involving cognitive functions and awareness"
R41,1,R411,"Anterograde amnesia","Anterograde amnesia","Other symptoms and signs involving cognitive functions and awareness"
R41,2,R412,"Retrograde amnesia","Retrograde amnesia","Other symptoms and signs involving cognitive functions and awareness"
R41,3,R413,"Other amnesia","Other amnesia","Other symptoms and signs involving cognitive functions and awareness"
R41,4,R414,"Neurologic neglect syndrome","Neurologic neglect syndrome","Other symptoms and signs involving cognitive functions and awareness"
R418,1,R4181,"Age-related cognitive decline","Age-related cognitive decline","Other symptoms and signs involving cognitive functions and awareness"
R418,2,R4182,"Altered mental status, unspecified","Altered mental status, unspecified","Other symptoms and signs involving cognitive functions and awareness"
R418,3,R4183,"Borderline intellectual functioning","Borderline intellectual functioning","Other symptoms and signs involving cognitive functions and awareness"
R4184,0,R41840,"Attention and concentration deficit","Attention and concentration deficit","Other specified cognitive deficit"
R4184,1,R41841,"Cognitive communication deficit","Cognitive communication deficit","Other specified cognitive deficit"
R4184,2,R41842,"Visuospatial deficit","Visuospatial deficit","Other specified cognitive deficit"
R4184,3,R41843,"Psychomotor deficit","Psychomotor deficit","Other specified cognitive deficit"
R4184,4,R41844,"Frontal lobe and executive function deficit","Frontal lobe and executive function deficit","Other specified cognitive deficit"
R4189,,R4189,"Oth symptoms and signs w cognitive functions and awareness","Other symptoms and signs involving cognitive functions and awareness","Other symptoms and signs involving cognitive functions and awareness"
R419,,R419,"Unsp symptoms and signs w cognitive functions and awareness","Unspecified symptoms and signs involving cognitive functions and awareness","Unspecified symptoms and signs involving cognitive functions and awareness"
R42,,R42,"Dizziness and giddiness","Dizziness and giddiness","Dizziness and giddiness"
R43,0,R430,"Anosmia","Anosmia","Disturbances of smell and taste"
R43,1,R431,"Parosmia","Parosmia","Disturbances of smell and taste"
R43,2,R432,"Parageusia","Parageusia","Disturbances of smell and taste"
R43,8,R438,"Other disturbances of smell and taste","Other disturbances of smell and taste","Disturbances of smell and taste"
R43,9,R439,"Unspecified disturbances of smell and taste","Unspecified disturbances of smell and taste","Disturbances of smell and taste"
R44,0,R440,"Auditory hallucinations","Auditory hallucinations","Other symptoms and signs involving general sensations and perceptions"
R44,1,R441,"Visual hallucinations","Visual hallucinations","Other symptoms and signs involving general sensations and perceptions"
R44,2,R442,"Other hallucinations","Other hallucinations","Other symptoms and signs involving general sensations and perceptions"
R44,3,R443,"Hallucinations, unspecified","Hallucinations, unspecified","Other symptoms and signs involving general sensations and perceptions"
R44,8,R448,"Oth symptoms and signs w general sensations and perceptions","Other symptoms and signs involving general sensations and perceptions","Other symptoms and signs involving general sensations and perceptions"
R44,9,R449,"Unsp symptoms and signs w general sensations and perceptions","Unspecified symptoms and signs involving general sensations and perceptions","Other symptoms and signs involving general sensations and perceptions"
R45,0,R450,"Nervousness","Nervousness","Symptoms and signs involving emotional state"
R45,1,R451,"Restlessness and agitation","Restlessness and agitation","Symptoms and signs involving emotional state"
R45,2,R452,"Unhappiness","Unhappiness","Symptoms and signs involving emotional state"
R45,3,R453,"Demoralization and apathy","Demoralization and apathy","Symptoms and signs involving emotional state"
R45,4,R454,"Irritability and anger","Irritability and anger","Symptoms and signs involving emotional state"
R45,5,R455,"Hostility","Hostility","Symptoms and signs involving emotional state"
R45,6,R456,"Violent behavior","Violent behavior","Symptoms and signs involving emotional state"
R45,7,R457,"State of emotional shock and stress, unspecified","State of emotional shock and stress, unspecified","Symptoms and signs involving emotional state"
R458,1,R4581,"Low self-esteem","Low self-esteem","Other symptoms and signs involving emotional state"
R458,2,R4582,"Worries","Worries","Other symptoms and signs involving emotional state"
R458,3,R4583,"Excessive crying of child, adolescent or adult","Excessive crying of child, adolescent or adult","Other symptoms and signs involving emotional state"
R458,4,R4584,"Anhedonia","Anhedonia","Other symptoms and signs involving emotional state"
R4585,0,R45850,"Homicidal ideations","Homicidal ideations","Homicidal and suicidal ideations"
R4585,1,R45851,"Suicidal ideations","Suicidal ideations","Homicidal and suicidal ideations"
R4586,,R4586,"Emotional lability","Emotional lability","Emotional lability"
R4587,,R4587,"Impulsiveness","Impulsiveness","Impulsiveness"
R4589,,R4589,"Other symptoms and signs involving emotional state","Other symptoms and signs involving emotional state","Other symptoms and signs involving emotional state"
R46,0,R460,"Very low level of personal hygiene","Very low level of personal hygiene","Symptoms and signs involving appearance and behavior"
R46,1,R461,"Bizarre personal appearance","Bizarre personal appearance","Symptoms and signs involving appearance and behavior"
R46,2,R462,"Strange and inexplicable behavior","Strange and inexplicable behavior","Symptoms and signs involving appearance and behavior"
R46,3,R463,"Overactivity","Overactivity","Symptoms and signs involving appearance and behavior"
R46,4,R464,"Slowness and poor responsiveness","Slowness and poor responsiveness","Symptoms and signs involving appearance and behavior"
R46,5,R465,"Suspiciousness and marked evasiveness","Suspiciousness and marked evasiveness","Symptoms and signs involving appearance and behavior"
R46,6,R466,"Undue concern and preoccupation with stressful events","Undue concern and preoccupation with stressful events","Symptoms and signs involving appearance and behavior"
R46,7,R467,"Verbosity and circumstantial detail obscuring rsn for cntct","Verbosity and circumstantial detail obscuring reason for contact","Symptoms and signs involving appearance and behavior"
R468,1,R4681,"Obsessive-compulsive behavior","Obsessive-compulsive behavior","Other symptoms and signs involving appearance and behavior"
R468,9,R4689,"Other symptoms and signs involving appearance and behavior","Other symptoms and signs involving appearance and behavior","Other symptoms and signs involving appearance and behavior"
R470,1,R4701,"Aphasia","Aphasia","Dysphasia and aphasia"
R470,2,R4702,"Dysphasia","Dysphasia","Dysphasia and aphasia"
R471,,R471,"Dysarthria and anarthria","Dysarthria and anarthria","Dysarthria and anarthria"
R478,1,R4781,"Slurred speech","Slurred speech","Other speech disturbances"
R478,2,R4782,"Fluency disorder in conditions classified elsewhere","Fluency disorder in conditions classified elsewhere","Other speech disturbances"
R478,9,R4789,"Other speech disturbances","Other speech disturbances","Other speech disturbances"
R479,,R479,"Unspecified speech disturbances","Unspecified speech disturbances","Unspecified speech disturbances"
R48,0,R480,"Dyslexia and alexia","Dyslexia and alexia","Dyslexia and other symbolic dysfunctions, not elsewhere classified"
R48,1,R481,"Agnosia","Agnosia","Dyslexia and other symbolic dysfunctions, not elsewhere classified"
R48,2,R482,"Apraxia","Apraxia","Dyslexia and other symbolic dysfunctions, not elsewhere classified"
R48,3,R483,"Visual agnosia","Visual agnosia","Dyslexia and other symbolic dysfunctions, not elsewhere classified"
R48,8,R488,"Other symbolic dysfunctions","Other symbolic dysfunctions","Dyslexia and other symbolic dysfunctions, not elsewhere classified"
R48,9,R489,"Unspecified symbolic dysfunctions","Unspecified symbolic dysfunctions","Dyslexia and other symbolic dysfunctions, not elsewhere classified"
R49,0,R490,"Dysphonia","Dysphonia","Voice and resonance disorders"
R49,1,R491,"Aphonia","Aphonia","Voice and resonance disorders"
R492,1,R4921,"Hypernasality","Hypernasality","Hypernasality and hyponasality"
R492,2,R4922,"Hyponasality","Hyponasality","Hypernasality and hyponasality"
R498,,R498,"Other voice and resonance disorders","Other voice and resonance disorders","Other voice and resonance disorders"
R499,,R499,"Unspecified voice and resonance disorder","Unspecified voice and resonance disorder","Unspecified voice and resonance disorder"
R50,2,R502,"Drug induced fever","Drug induced fever","Fever of other and unknown origin"
R508,1,R5081,"Fever presenting with conditions classified elsewhere","Fever presenting with conditions classified elsewhere","Other specified fever"
R508,2,R5082,"Postprocedural fever","Postprocedural fever","Other specified fever"
R508,3,R5083,"Postvaccination fever","Postvaccination fever","Other specified fever"
R508,4,R5084,"Febrile nonhemolytic transfusion reaction","Febrile nonhemolytic transfusion reaction","Other specified fever"
R509,,R509,"Fever, unspecified","Fever, unspecified","Fever, unspecified"
R51,,R51,"Headache","Headache","Headache"
R52,,R52,"Pain, unspecified","Pain, unspecified","Pain, unspecified"
R53,0,R530,"Neoplastic (malignant) related fatigue","Neoplastic (malignant) related fatigue","Malaise and fatigue"
R53,1,R531,"Weakness","Weakness","Malaise and fatigue"
R53,2,R532,"Functional quadriplegia","Functional quadriplegia","Malaise and fatigue"
R538,1,R5381,"Other malaise","Other malaise","Other malaise and fatigue"
R538,2,R5382,"Chronic fatigue, unspecified","Chronic fatigue, unspecified","Other malaise and fatigue"
R538,3,R5383,"Other fatigue","Other fatigue","Other malaise and fatigue"
R54,,R54,"Age-related physical debility","Age-related physical debility","Age-related physical debility"
R55,,R55,"Syncope and collapse","Syncope and collapse","Syncope and collapse"
R560,0,R5600,"Simple febrile convulsions","Simple febrile convulsions","Febrile convulsions"
R560,1,R5601,"Complex febrile convulsions","Complex febrile convulsions","Febrile convulsions"
R561,,R561,"Post traumatic seizures","Post traumatic seizures","Post traumatic seizures"
R569,,R569,"Unspecified convulsions","Unspecified convulsions","Unspecified convulsions"
R57,0,R570,"Cardiogenic shock","Cardiogenic shock","Shock, not elsewhere classified"
R57,1,R571,"Hypovolemic shock","Hypovolemic shock","Shock, not elsewhere classified"
R57,8,R578,"Other shock","Other shock","Shock, not elsewhere classified"
R57,9,R579,"Shock, unspecified","Shock, unspecified","Shock, not elsewhere classified"
R58,,R58,"Hemorrhage, not elsewhere classified","Hemorrhage, not elsewhere classified","Hemorrhage, not elsewhere classified"
R59,0,R590,"Localized enlarged lymph nodes","Localized enlarged lymph nodes","Enlarged lymph nodes"
R59,1,R591,"Generalized enlarged lymph nodes","Generalized enlarged lymph nodes","Enlarged lymph nodes"
R59,9,R599,"Enlarged lymph nodes, unspecified","Enlarged lymph nodes, unspecified","Enlarged lymph nodes"
R60,0,R600,"Localized edema","Localized edema","Edema, not elsewhere classified"
R60,1,R601,"Generalized edema","Generalized edema","Edema, not elsewhere classified"
R60,9,R609,"Edema, unspecified","Edema, unspecified","Edema, not elsewhere classified"
R61,,R61,"Generalized hyperhidrosis","Generalized hyperhidrosis","Generalized hyperhidrosis"
R62,0,R620,"Delayed milestone in childhood","Delayed milestone in childhood","Lack of expected normal physiological development in childhood and adults"
R625,0,R6250,"Unsp lack of expected normal physiol dev in childhood","Unspecified lack of expected normal physiological development in childhood","Other and unspecified lack of expected normal physiological development in childhood"
R625,1,R6251,"Failure to thrive (child)","Failure to thrive (child)","Other and unspecified lack of expected normal physiological development in childhood"
R625,2,R6252,"Short stature (child)","Short stature (child)","Other and unspecified lack of expected normal physiological development in childhood"
R625,9,R6259,"Oth lack of expected normal physiol development in childhood","Other lack of expected normal physiological development in childhood","Other and unspecified lack of expected normal physiological development in childhood"
R627,,R627,"Adult failure to thrive","Adult failure to thrive","Adult failure to thrive"
R63,0,R630,"Anorexia","Anorexia","Symptoms and signs concerning food and fluid intake"
R63,1,R631,"Polydipsia","Polydipsia","Symptoms and signs concerning food and fluid intake"
R63,2,R632,"Polyphagia","Polyphagia","Symptoms and signs concerning food and fluid intake"
R63,3,R633,"Feeding difficulties","Feeding difficulties","Symptoms and signs concerning food and fluid intake"
R63,4,R634,"Abnormal weight loss","Abnormal weight loss","Symptoms and signs concerning food and fluid intake"
R63,5,R635,"Abnormal weight gain","Abnormal weight gain","Symptoms and signs concerning food and fluid intake"
R63,6,R636,"Underweight","Underweight","Symptoms and signs concerning food and fluid intake"
R63,8,R638,"Other symptoms and signs concerning food and fluid intake","Other symptoms and signs concerning food and fluid intake","Symptoms and signs concerning food and fluid intake"
R64,,R64,"Cachexia","Cachexia","Cachexia"
R651,0,R6510,"SIRS of non-infectious origin w/o acute organ dysfunction","Systemic inflammatory response syndrome (SIRS) of non-infectious origin without acute organ dysfunction","Systemic inflammatory response syndrome (SIRS) of non-infectious origin"
R651,1,R6511,"SIRS of non-infectious origin w acute organ dysfunction","Systemic inflammatory response syndrome (SIRS) of non-infectious origin with acute organ dysfunction","Systemic inflammatory response syndrome (SIRS) of non-infectious origin"
R652,0,R6520,"Severe sepsis without septic shock","Severe sepsis without septic shock","Severe sepsis"
R652,1,R6521,"Severe sepsis with septic shock","Severe sepsis with septic shock","Severe sepsis"
R68,0,R680,"Hypothermia, not associated w low environmental temperature","Hypothermia, not associated with low environmental temperature","Other general symptoms and signs"
R681,1,R6811,"Excessive crying of infant (baby)","Excessive crying of infant (baby)","Nonspecific symptoms peculiar to infancy"
R681,2,R6812,"Fussy infant (baby)","Fussy infant (baby)","Nonspecific symptoms peculiar to infancy"
R681,3,R6813,"Apparent life threatening event in infant (ALTE)","Apparent life threatening event in infant (ALTE)","Nonspecific symptoms peculiar to infancy"
R681,9,R6819,"Other nonspecific symptoms peculiar to infancy","Other nonspecific symptoms peculiar to infancy","Nonspecific symptoms peculiar to infancy"
R682,,R682,"Dry mouth, unspecified","Dry mouth, unspecified","Dry mouth, unspecified"
R683,,R683,"Clubbing of fingers","Clubbing of fingers","Clubbing of fingers"
R688,1,R6881,"Early satiety","Early satiety","Other general symptoms and signs"
R688,2,R6882,"Decreased libido","Decreased libido","Other general symptoms and signs"
R688,3,R6883,"Chills (without fever)","Chills (without fever)","Other general symptoms and signs"
R688,4,R6884,"Jaw pain","Jaw pain","Other general symptoms and signs"
R688,9,R6889,"Other general symptoms and signs","Other general symptoms and signs","Other general symptoms and signs"
R69,,R69,"Illness, unspecified","Illness, unspecified","Illness, unspecified"
R70,0,R700,"Elevated erythrocyte sedimentation rate","Elevated erythrocyte sedimentation rate","Elevated erythrocyte sedimentation rate and abnormality of plasma viscosity"
R70,1,R701,"Abnormal plasma viscosity","Abnormal plasma viscosity","Elevated erythrocyte sedimentation rate and abnormality of plasma viscosity"
R71,0,R710,"Precipitous drop in hematocrit","Precipitous drop in hematocrit","Abnormality of red blood cells"
R71,8,R718,"Other abnormality of red blood cells","Other abnormality of red blood cells","Abnormality of red blood cells"
R730,1,R7301,"Impaired fasting glucose","Impaired fasting glucose","Abnormal glucose"
R730,2,R7302,"Impaired glucose tolerance (oral)","Impaired glucose tolerance (oral)","Abnormal glucose"
R730,3,R7303,"Prediabetes","Prediabetes","Abnormal glucose"
R730,9,R7309,"Other abnormal glucose","Other abnormal glucose","Abnormal glucose"
R739,,R739,"Hyperglycemia, unspecified","Hyperglycemia, unspecified","Hyperglycemia, unspecified"
R74,0,R740,"Nonspec elev of levels of transamns & lactic acid dehydrgnse","Nonspecific elevation of levels of transaminase and lactic acid dehydrogenase [LDH]","Abnormal serum enzyme levels"
R74,8,R748,"Abnormal levels of other serum enzymes","Abnormal levels of other serum enzymes","Abnormal serum enzyme levels"
R74,9,R749,"Abnormal serum enzyme level, unspecified","Abnormal serum enzyme level, unspecified","Abnormal serum enzyme levels"
R75,,R75,"Inconclusive laboratory evidence of human immunodef virus","Inconclusive laboratory evidence of human immunodeficiency virus [HIV]","Inconclusive laboratory evidence of human immunodeficiency virus [HIV]"
R76,0,R760,"Raised antibody titer","Raised antibody titer","Other abnormal immunological findings in serum"
R761,1,R7611,"Nonspecific reaction to skin test w/o active tuberculosis","Nonspecific reaction to tuberculin skin test without active tuberculosis","Nonspecific reaction to test for tuberculosis"
R761,2,R7612,"Nonspec reaction to gamma intrfrn respns w/o actv tubrclosis","Nonspecific reaction to cell mediated immunity measurement of gamma interferon antigen response without active tuberculosis","Nonspecific reaction to test for tuberculosis"
R768,,R768,"Other specified abnormal immunological findings in serum","Other specified abnormal immunological findings in serum","Other specified abnormal immunological findings in serum"
R769,,R769,"Abnormal immunological finding in serum, unspecified","Abnormal immunological finding in serum, unspecified","Abnormal immunological finding in serum, unspecified"
R77,0,R770,"Abnormality of albumin","Abnormality of albumin","Other abnormalities of plasma proteins"
R77,1,R771,"Abnormality of globulin","Abnormality of globulin","Other abnormalities of plasma proteins"
R77,2,R772,"Abnormality of alphafetoprotein","Abnormality of alphafetoprotein","Other abnormalities of plasma proteins"
R77,8,R778,"Other specified abnormalities of plasma proteins","Other specified abnormalities of plasma proteins","Other abnormalities of plasma proteins"
R77,9,R779,"Abnormality of plasma protein, unspecified","Abnormality of plasma protein, unspecified","Other abnormalities of plasma proteins"
R78,0,R780,"Finding of alcohol in blood","Finding of alcohol in blood","Findings of drugs and other substances, not normally found in blood"
R78,1,R781,"Finding of opiate drug in blood","Finding of opiate drug in blood","Findings of drugs and other substances, not normally found in blood"
R78,2,R782,"Finding of cocaine in blood","Finding of cocaine in blood","Findings of drugs and other substances, not normally found in blood"
R78,3,R783,"Finding of hallucinogen in blood","Finding of hallucinogen in blood","Findings of drugs and other substances, not normally found in blood"
R78,4,R784,"Finding of other drugs of addictive potential in blood","Finding of other drugs of addictive potential in blood","Findings of drugs and other substances, not normally found in blood"
R78,5,R785,"Finding of other psychotropic drug in blood","Finding of other psychotropic drug in blood","Findings of drugs and other substances, not normally found in blood"
R78,6,R786,"Finding of steroid agent in blood","Finding of steroid agent in blood","Findings of drugs and other substances, not normally found in blood"
R787,1,R7871,"Abnormal lead level in blood","Abnormal lead level in blood","Finding of abnormal level of heavy metals in blood"
R787,9,R7879,"Finding of abnormal level of heavy metals in blood","Finding of abnormal level of heavy metals in blood","Finding of abnormal level of heavy metals in blood"
R788,1,R7881,"Bacteremia","Bacteremia","Finding of other specified substances, not normally found in blood"
R788,9,R7889,"Finding of oth substances, not normally found in blood","Finding of other specified substances, not normally found in blood","Finding of other specified substances, not normally found in blood"
R789,,R789,"Finding of unsp substance, not normally found in blood","Finding of unspecified substance, not normally found in blood","Finding of unspecified substance, not normally found in blood"
R79,0,R790,"Abnormal level of blood mineral","Abnormal level of blood mineral","Other abnormal findings of blood chemistry"
R79,1,R791,"Abnormal coagulation profile","Abnormal coagulation profile","Other abnormal findings of blood chemistry"
R798,1,R7981,"Abnormal blood-gas level","Abnormal blood-gas level","Other specified abnormal findings of blood chemistry"
R798,2,R7982,"Elevated C-reactive protein (CRP)","Elevated C-reactive protein (CRP)","Other specified abnormal findings of blood chemistry"
R798,9,R7989,"Other specified abnormal findings of blood chemistry","Other specified abnormal findings of blood chemistry","Other specified abnormal findings of blood chemistry"
R799,,R799,"Abnormal finding of blood chemistry, unspecified","Abnormal finding of blood chemistry, unspecified","Abnormal finding of blood chemistry, unspecified"
R80,0,R800,"Isolated proteinuria","Isolated proteinuria","Proteinuria"
R80,1,R801,"Persistent proteinuria, unspecified","Persistent proteinuria, unspecified","Proteinuria"
R80,2,R802,"Orthostatic proteinuria, unspecified","Orthostatic proteinuria, unspecified","Proteinuria"
R80,3,R803,"Bence Jones proteinuria","Bence Jones proteinuria","Proteinuria"
R80,8,R808,"Other proteinuria","Other proteinuria","Proteinuria"
R80,9,R809,"Proteinuria, unspecified","Proteinuria, unspecified","Proteinuria"
R81,,R81,"Glycosuria","Glycosuria","Glycosuria"
R82,0,R820,"Chyluria","Chyluria","Other and unspecified abnormal findings in urine"
R82,1,R821,"Myoglobinuria","Myoglobinuria","Other and unspecified abnormal findings in urine"
R82,2,R822,"Biliuria","Biliuria","Other and unspecified abnormal findings in urine"
R82,3,R823,"Hemoglobinuria","Hemoglobinuria","Other and unspecified abnormal findings in urine"
R82,4,R824,"Acetonuria","Acetonuria","Other and unspecified abnormal findings in urine"
R82,5,R825,"Elevated urine levels of drug/meds/biol subst","Elevated urine levels of drugs, medicaments and biological substances","Other and unspecified abnormal findings in urine"
R82,6,R826,"Abnormal urine levels of substances chiefly nonmed source","Abnormal urine levels of substances chiefly nonmedicinal as to source","Other and unspecified abnormal findings in urine"
R827,1,R8271,"Bacteriuria","Bacteriuria","Abnormal findings on microbiological examination of urine"
R827,9,R8279,"Other abnormal findings on microbiolog examination of urine","Other abnormal findings on microbiological examination of urine","Abnormal findings on microbiological examination of urine"
R828,,R828,"Abnormal findings on cytolog and histolog exam of urine","Abnormal findings on cytological and histological examination of urine","Abnormal findings on cytological and histological examination of urine"
R829,0,R8290,"Unspecified abnormal findings in urine","Unspecified abnormal findings in urine","Other and unspecified abnormal findings in urine"
R829,1,R8291,"Other chromoabnormalities of urine","Other chromoabnormalities of urine","Other and unspecified abnormal findings in urine"
R829,9,R8299,"Other abnormal findings in urine","Other abnormal findings in urine","Other and unspecified abnormal findings in urine"
R83,0,R830,"Abnormal level of enzymes in cerebrospinal fluid","Abnormal level of enzymes in cerebrospinal fluid","Abnormal findings in cerebrospinal fluid"
R83,1,R831,"Abnormal level of hormones in cerebrospinal fluid","Abnormal level of hormones in cerebrospinal fluid","Abnormal findings in cerebrospinal fluid"
R83,2,R832,"Abn lev drug/meds/biol subst in cerebrospinal fluid","Abnormal level of other drugs, medicaments and biological substances in cerebrospinal fluid","Abnormal findings in cerebrospinal fluid"
R83,3,R833,"Abn lev substances chiefly nonmedicinal as to source in CSF","Abnormal level of substances chiefly nonmedicinal as to source in cerebrospinal fluid","Abnormal findings in cerebrospinal fluid"
R83,4,R834,"Abnormal immunological findings in cerebrospinal fluid","Abnormal immunological findings in cerebrospinal fluid","Abnormal findings in cerebrospinal fluid"
R83,5,R835,"Abnormal microbiological findings in cerebrospinal fluid","Abnormal microbiological findings in cerebrospinal fluid","Abnormal findings in cerebrospinal fluid"
R83,6,R836,"Abnormal cytological findings in cerebrospinal fluid","Abnormal cytological findings in cerebrospinal fluid","Abnormal findings in cerebrospinal fluid"
R83,8,R838,"Other abnormal findings in cerebrospinal fluid","Other abnormal findings in cerebrospinal fluid","Abnormal findings in cerebrospinal fluid"
R83,9,R839,"Unspecified abnormal finding in cerebrospinal fluid","Unspecified abnormal finding in cerebrospinal fluid","Abnormal findings in cerebrospinal fluid"
R84,0,R840,"Abnormal level of enzymes in specimens from resp org/thrx","Abnormal level of enzymes in specimens from respiratory organs and thorax","Abnormal findings in specimens from respiratory organs and thorax"
R84,1,R841,"Abnormal level of hormones in specimens from resp org/thrx","Abnormal level of hormones in specimens from respiratory organs and thorax","Abnormal findings in specimens from respiratory organs and thorax"
R84,2,R842,"Abn lev drug/meds/biol subst in specimens from resp org/thrx","Abnormal level of other drugs, medicaments and biological substances in specimens from respiratory organs and thorax","Abnormal findings in specimens from respiratory organs and thorax"
R84,3,R843,"Abn lev substnc nonmed source in specmn from resp org/thrx","Abnormal level of substances chiefly nonmedicinal as to source in specimens from respiratory organs and thorax","Abnormal findings in specimens from respiratory organs and thorax"
R84,4,R844,"Abnormal immunolog findings in specimens from resp org/thrx","Abnormal immunological findings in specimens from respiratory organs and thorax","Abnormal findings in specimens from respiratory organs and thorax"
R84,5,R845,"Abnormal microbiolog findings in specmn from resp org/thrx","Abnormal microbiological findings in specimens from respiratory organs and thorax","Abnormal findings in specimens from respiratory organs and thorax"
R84,6,R846,"Abnormal cytolog findings in specimens from resp org/thrx","Abnormal cytological findings in specimens from respiratory organs and thorax","Abnormal findings in specimens from respiratory organs and thorax"
R84,7,R847,"Abnormal histolog findings in specimens from resp org/thrx","Abnormal histological findings in specimens from respiratory organs and thorax","Abnormal findings in specimens from respiratory organs and thorax"
R84,8,R848,"Oth abnormal findings in specimens from resp org/thrx","Other abnormal findings in specimens from respiratory organs and thorax","Abnormal findings in specimens from respiratory organs and thorax"
R84,9,R849,"Unsp abnormal finding in specimens from resp org/thrx","Unspecified abnormal finding in specimens from respiratory organs and thorax","Abnormal findings in specimens from respiratory organs and thorax"
R85,0,R850,"Abn lev enzymes in specimens from dgstv org/abd cav","Abnormal level of enzymes in specimens from digestive organs and abdominal cavity","Abnormal findings in specimens from digestive organs and abdominal cavity"
R85,1,R851,"Abn lev hormones in specimens from dgstv org/abd cav","Abnormal level of hormones in specimens from digestive organs and abdominal cavity","Abnormal findings in specimens from digestive organs and abdominal cavity"
R85,2,R852,"Abn lev drug/meds/biol subst in specmn fr dgstv org/abd cav","Abnormal level of other drugs, medicaments and biological substances in specimens from digestive organs and abdominal cavity","Abnormal findings in specimens from digestive organs and abdominal cavity"
R85,3,R853,"Abn lev substnc nonmed source in specmn fr dgstv org/abd cav","Abnormal level of substances chiefly nonmedicinal as to source in specimens from digestive organs and abdominal cavity","Abnormal findings in specimens from digestive organs and abdominal cavity"
R85,4,R854,"Abnormal immunolog findings in specmn from dgstv org/abd cav","Abnormal immunological findings in specimens from digestive organs and abdominal cavity","Abnormal findings in specimens from digestive organs and abdominal cavity"
R85,5,R855,"Abn microbiolog findings in specmn from dgstv org/abd cav","Abnormal microbiological findings in specimens from digestive organs and abdominal cavity","Abnormal findings in specimens from digestive organs and abdominal cavity"
R8561,0,R85610,"Atyp squam cell of undet signfc cyto smr anus (ASC-US)","Atypical squamous cells of undetermined significance on cytologic smear of anus (ASC-US)","Abnormal cytologic smear of anus"
R8561,1,R85611,"Atyp squam cell not excl hi grd intrepith lesn cyto smr anus","Atypical squamous cells cannot exclude high grade squamous intraepithelial lesion on cytologic smear of anus (ASC-H)","Abnormal cytologic smear of anus"
R8561,2,R85612,"Low grade intrepith lesion cyto smr anus (LGSIL)","Low grade squamous intraepithelial lesion on cytologic smear of anus (LGSIL)","Abnormal cytologic smear of anus"
R8561,3,R85613,"High grade intrepith lesion cyto smr anus (HGSIL)","High grade squamous intraepithelial lesion on cytologic smear of anus (HGSIL)","Abnormal cytologic smear of anus"
R8561,4,R85614,"Cytologic evidence of malignancy on smear of anus","Cytologic evidence of malignancy on smear of anus","Abnormal cytologic smear of anus"
R8561,5,R85615,"Unsatisfactory cytologic smear of anus","Unsatisfactory cytologic smear of anus","Abnormal cytologic smear of anus"
R8561,6,R85616,"Satisfactory anal smear but lacking transformation zone","Satisfactory anal smear but lacking transformation zone","Abnormal cytologic smear of anus"
R8561,8,R85618,"Other abnormal cytological findings on specimens from anus","Other abnormal cytological findings on specimens from anus","Abnormal cytologic smear of anus"
R8561,9,R85619,"Unsp abnormal cytological findings in specimens from anus","Unspecified abnormal cytological findings in specimens from anus","Abnormal cytologic smear of anus"
R8569,,R8569,"Abn cytolog findings in specmn from oth dgstv org/abd cav","Abnormal cytological findings in specimens from other digestive organs and abdominal cavity","Abnormal cytological findings in specimens from other digestive organs and abdominal cavity"
R857,,R857,"Abnormal histolog findings in specmn from dgstv org/abd cav","Abnormal histological findings in specimens from digestive organs and abdominal cavity","Abnormal histological findings in specimens from digestive organs and abdominal cavity"
R858,1,R8581,"Anal high risk human papillomavirus (HPV) DNA test positive","Anal high risk human papillomavirus (HPV) DNA test positive","Other abnormal findings in specimens from digestive organs and abdominal cavity"
R858,2,R8582,"Anal low risk human papillomavirus (HPV) DNA test positive","Anal low risk human papillomavirus (HPV) DNA test positive","Other abnormal findings in specimens from digestive organs and abdominal cavity"
R858,9,R8589,"Oth abnormal findings in specimens from dgstv org/abd cav","Other abnormal findings in specimens from digestive organs and abdominal cavity","Other abnormal findings in specimens from digestive organs and abdominal cavity"
R859,,R859,"Unsp abnormal finding in specimens from dgstv org/abd cav","Unspecified abnormal finding in specimens from digestive organs and abdominal cavity","Unspecified abnormal finding in specimens from digestive organs and abdominal cavity"
R86,0,R860,"Abn lev enzymes in specimens from male genital organs","Abnormal level of enzymes in specimens from male genital organs","Abnormal findings in specimens from male genital organs"
R86,1,R861,"Abn lev hormones in specimens from male genital organs","Abnormal level of hormones in specimens from male genital organs","Abnormal findings in specimens from male genital organs"
R86,2,R862,"Abn lev drug/meds/biol subst in specmn from male gntl organs","Abnormal level of other drugs, medicaments and biological substances in specimens from male genital organs","Abnormal findings in specimens from male genital organs"
R86,3,R863,"Abn lev substnc nonmed source in specmn from male gntl org","Abnormal level of substances chiefly nonmedicinal as to source in specimens from male genital organs","Abnormal findings in specimens from male genital organs"
R86,4,R864,"Abn immunolog findings in specmn from male genital organs","Abnormal immunological findings in specimens from male genital organs","Abnormal findings in specimens from male genital organs"
R86,5,R865,"Abn microbiolog findings in specmn from male genital organs","Abnormal microbiological findings in specimens from male genital organs","Abnormal findings in specimens from male genital organs"
R86,6,R866,"Abnormal cytolog findings in specmn from male genital organs","Abnormal cytological findings in specimens from male genital organs","Abnormal findings in specimens from male genital organs"
R86,7,R867,"Abn histolog findings in specmn from male genital organs","Abnormal histological findings in specimens from male genital organs","Abnormal findings in specimens from male genital organs"
R86,8,R868,"Oth abnormal findings in specimens from male genital organs","Other abnormal findings in specimens from male genital organs","Abnormal findings in specimens from male genital organs"
R86,9,R869,"Unsp abnormal finding in specimens from male genital organs","Unspecified abnormal finding in specimens from male genital organs","Abnormal findings in specimens from male genital organs"
R87,0,R870,"Abn lev enzymes in specimens from female genital organs","Abnormal level of enzymes in specimens from female genital organs","Abnormal findings in specimens from female genital organs"
R87,1,R871,"Abn lev hormones in specimens from female genital organs","Abnormal level of hormones in specimens from female genital organs","Abnormal findings in specimens from female genital organs"
R87,2,R872,"Abn lev drug/meds/biol subst in specmn from fem gntl organs","Abnormal level of other drugs, medicaments and biological substances in specimens from female genital organs","Abnormal findings in specimens from female genital organs"
R87,3,R873,"Abn lev substnc nonmed source in specmn from fem gntl organs","Abnormal level of substances chiefly nonmedicinal as to source in specimens from female genital organs","Abnormal findings in specimens from female genital organs"
R87,4,R874,"Abn immunolog findings in specmn from female genital organs","Abnormal immunological findings in specimens from female genital organs","Abnormal findings in specimens from female genital organs"
R87,5,R875,"Abn microbiolog find in specmn from female genital organs","Abnormal microbiological findings in specimens from female genital organs","Abnormal findings in specimens from female genital organs"
R8761,0,R87610,"Atyp squam cell of undet signfc cyto smr crvx (ASC-US)","Atypical squamous cells of undetermined significance on cytologic smear of cervix (ASC-US)","Abnormal cytological findings in specimens from cervix uteri"
R8761,1,R87611,"Atyp squam cell not excl hi grd intrepith lesn cyto smr crvx","Atypical squamous cells cannot exclude high grade squamous intraepithelial lesion on cytologic smear of cervix (ASC-H)","Abnormal cytological findings in specimens from cervix uteri"
R8761,2,R87612,"Low grade intrepith lesion cyto smr crvx (LGSIL)","Low grade squamous intraepithelial lesion on cytologic smear of cervix (LGSIL)","Abnormal cytological findings in specimens from cervix uteri"
R8761,3,R87613,"High grade intrepith lesion cyto smr crvx (HGSIL)","High grade squamous intraepithelial lesion on cytologic smear of cervix (HGSIL)","Abnormal cytological findings in specimens from cervix uteri"
R8761,4,R87614,"Cytologic evidence of malignancy on smear of cervix","Cytologic evidence of malignancy on smear of cervix","Abnormal cytological findings in specimens from cervix uteri"
R8761,5,R87615,"Unsatisfactory cytologic smear of cervix","Unsatisfactory cytologic smear of cervix","Abnormal cytological findings in specimens from cervix uteri"
R8761,6,R87616,"Satisfactory cervical smear but lacking transformation zone","Satisfactory cervical smear but lacking transformation zone","Abnormal cytological findings in specimens from cervix uteri"
R8761,8,R87618,"Oth abnormal cytolog findings on specimens from cervix uteri","Other abnormal cytological findings on specimens from cervix uteri","Abnormal cytological findings in specimens from cervix uteri"
R8761,9,R87619,"Unsp abnormal cytolog findings in specmn from cervix uteri","Unspecified abnormal cytological findings in specimens from cervix uteri","Abnormal cytological findings in specimens from cervix uteri"
R8762,0,R87620,"Atyp squam cell of undet signfc cyto smr vagn (ASC-US)","Atypical squamous cells of undetermined significance on cytologic smear of vagina (ASC-US)","Abnormal cytological findings in specimens from vagina"
R8762,1,R87621,"Atyp squam cell not excl hi grd intrepith lesn cyto smr vagn","Atypical squamous cells cannot exclude high grade squamous intraepithelial lesion on cytologic smear of vagina (ASC-H)","Abnormal cytological findings in specimens from vagina"
R8762,2,R87622,"Low grade intrepith lesion cyto smr vagn (LGSIL)","Low grade squamous intraepithelial lesion on cytologic smear of vagina (LGSIL)","Abnormal cytological findings in specimens from vagina"
R8762,3,R87623,"High grade intrepith lesion cyto smr vagn (HGSIL)","High grade squamous intraepithelial lesion on cytologic smear of vagina (HGSIL)","Abnormal cytological findings in specimens from vagina"
R8762,4,R87624,"Cytologic evidence of malignancy on smear of vagina","Cytologic evidence of malignancy on smear of vagina","Abnormal cytological findings in specimens from vagina"
R8762,5,R87625,"Unsatisfactory cytologic smear of vagina","Unsatisfactory cytologic smear of vagina","Abnormal cytological findings in specimens from vagina"
R8762,8,R87628,"Other abnormal cytological findings on specimens from vagina","Other abnormal cytological findings on specimens from vagina","Abnormal cytological findings in specimens from vagina"
R8762,9,R87629,"Unsp abnormal cytological findings in specimens from vagina","Unspecified abnormal cytological findings in specimens from vagina","Abnormal cytological findings in specimens from vagina"
R8769,,R8769,"Abn cytolog find in specmn from oth female genital organs","Abnormal cytological findings in specimens from other female genital organs","Abnormal cytological findings in specimens from other female genital organs"
R877,,R877,"Abn histolog findings in specmn from female genital organs","Abnormal histological findings in specimens from female genital organs","Abnormal histological findings in specimens from female genital organs"
R8781,0,R87810,"Cervical high risk HPV DNA test positive","Cervical high risk human papillomavirus (HPV) DNA test positive","High risk human papillomavirus (HPV) DNA test positive from female genital organs"
R8781,1,R87811,"Vaginal high risk HPV DNA test positive","Vaginal high risk human papillomavirus (HPV) DNA test positive","High risk human papillomavirus (HPV) DNA test positive from female genital organs"
R8782,0,R87820,"Cervical low risk HPV DNA test positive","Cervical low risk human papillomavirus (HPV) DNA test positive","Low risk human papillomavirus (HPV) DNA test positive from female genital organs"
R8782,1,R87821,"Vaginal low risk HPV DNA test positive","Vaginal low risk human papillomavirus (HPV) DNA test positive","Low risk human papillomavirus (HPV) DNA test positive from female genital organs"
R8789,,R8789,"Oth abnormal findings in specmn from female genital organs","Other abnormal findings in specimens from female genital organs","Other abnormal findings in specimens from female genital organs"
R879,,R879,"Unsp abnormal finding in specmn from female genital organs","Unspecified abnormal finding in specimens from female genital organs","Unspecified abnormal finding in specimens from female genital organs"
R88,0,R880,"Cloudy (hemodialysis) (peritoneal) dialysis effluent","Cloudy (hemodialysis) (peritoneal) dialysis effluent","Abnormal findings in other body fluids and substances"
R88,8,R888,"Abnormal findings in other body fluids and substances","Abnormal findings in other body fluids and substances","Abnormal findings in other body fluids and substances"
R89,0,R890,"Abnormal level of enzymes in specimens from oth org/tiss","Abnormal level of enzymes in specimens from other organs, systems and tissues","Abnormal findings in specimens from other organs, systems and tissues"
R89,1,R891,"Abnormal level of hormones in specimens from oth org/tiss","Abnormal level of hormones in specimens from other organs, systems and tissues","Abnormal findings in specimens from other organs, systems and tissues"
R89,2,R892,"Abn lev drug/meds/biol subst in specimens from oth org/tiss","Abnormal level of other drugs, medicaments and biological substances in specimens from other organs, systems and tissues","Abnormal findings in specimens from other organs, systems and tissues"
R89,3,R893,"Abn lev substnc nonmed source in specmn from oth org/tiss","Abnormal level of substances chiefly nonmedicinal as to source in specimens from other organs, systems and tissues","Abnormal findings in specimens from other organs, systems and tissues"
R89,4,R894,"Abnormal immunolog findings in specimens from oth org/tiss","Abnormal immunological findings in specimens from other organs, systems and tissues","Abnormal findings in specimens from other organs, systems and tissues"
R89,5,R895,"Abnormal microbiolog findings in specimens from oth org/tiss","Abnormal microbiological findings in specimens from other organs, systems and tissues","Abnormal findings in specimens from other organs, systems and tissues"
R89,6,R896,"Abnormal cytological findings in specimens from oth org/tiss","Abnormal cytological findings in specimens from other organs, systems and tissues","Abnormal findings in specimens from other organs, systems and tissues"
R89,7,R897,"Abnormal histolog findings in specimens from oth org/tiss","Abnormal histological findings in specimens from other organs, systems and tissues","Abnormal findings in specimens from other organs, systems and tissues"
R89,8,R898,"Oth abnormal findings in specimens from oth org/tiss","Other abnormal findings in specimens from other organs, systems and tissues","Abnormal findings in specimens from other organs, systems and tissues"
R89,9,R899,"Unsp abnormal finding in specimens from oth org/tiss","Unspecified abnormal finding in specimens from other organs, systems and tissues","Abnormal findings in specimens from other organs, systems and tissues"
R90,0,R900,"Intcrn space-occupying lesion found on dx imaging of cnsl","Intracranial space-occupying lesion found on diagnostic imaging of central nervous system","Abnormal findings on diagnostic imaging of central nervous system"
R908,1,R9081,"Abnormal echoencephalogram","Abnormal echoencephalogram","Other abnormal findings on diagnostic imaging of central nervous system"
R908,2,R9082,"White matter disease, unspecified","White matter disease, unspecified","Other abnormal findings on diagnostic imaging of central nervous system"
R908,9,R9089,"Oth abnormal findings on diagnostic imaging of cnsl","Other abnormal findings on diagnostic imaging of central nervous system","Other abnormal findings on diagnostic imaging of central nervous system"
R91,1,R911,"Solitary pulmonary nodule","Solitary pulmonary nodule","Abnormal findings on diagnostic imaging of lung"
R91,8,R918,"Other nonspecific abnormal finding of lung field","Other nonspecific abnormal finding of lung field","Abnormal findings on diagnostic imaging of lung"
R92,0,R920,"Mammographic microcalcification found on dx imaging of brst","Mammographic microcalcification found on diagnostic imaging of breast","Abnormal and inconclusive findings on diagnostic imaging of breast"
R92,1,R921,"Mammographic calcifcn found on diagnostic imaging of breast","Mammographic calcification found on diagnostic imaging of breast","Abnormal and inconclusive findings on diagnostic imaging of breast"
R92,2,R922,"Inconclusive mammogram","Inconclusive mammogram","Abnormal and inconclusive findings on diagnostic imaging of breast"
R92,8,R928,"Oth abn and inconclusive findings on dx imaging of breast","Other abnormal and inconclusive findings on diagnostic imaging of breast","Abnormal and inconclusive findings on diagnostic imaging of breast"
R93,0,R930,"Abnormal findings on dx imaging of skull and head, NEC","Abnormal findings on diagnostic imaging of skull and head, not elsewhere classified","Abnormal findings on diagnostic imaging of other body structures"
R93,1,R931,"Abnormal findings on dx imaging of heart and cor circ","Abnormal findings on diagnostic imaging of heart and coronary circulation","Abnormal findings on diagnostic imaging of other body structures"
R93,2,R932,"Abnormal findings on dx imaging of liver and biliary tract","Abnormal findings on diagnostic imaging of liver and biliary tract","Abnormal findings on diagnostic imaging of other body structures"
R93,3,R933,"Abnormal findings on dx imaging of prt digestive tract","Abnormal findings on diagnostic imaging of other parts of digestive tract","Abnormal findings on diagnostic imaging of other body structures"
R934,1,R9341,"Abn radlgc find on dx imaging renal pelv, ureter, or blddr","Abnormal radiologic findings on diagnostic imaging of renal pelvis, ureter, or bladder","Abnormal findings on diagnostic imaging of urinary organs"
R9342,1,R93421,"Abnormal radiologic findings on dx imaging of r kidney","Abnormal radiologic findings on diagnostic imaging of right kidney","Abnormal radiologic findings on diagnostic imaging of kidney"
R9342,2,R93422,"Abnormal radiologic findings on dx imaging of left kidney","Abnormal radiologic findings on diagnostic imaging of left kidney","Abnormal radiologic findings on diagnostic imaging of kidney"
R9342,9,R93429,"Abnormal radiologic findings on dx imaging of unsp kidney","Abnormal radiologic findings on diagnostic imaging of unspecified kidney","Abnormal radiologic findings on diagnostic imaging of kidney"
R9349,,R9349,"Abn radlgc findings on dx imaging of other urinary organs","Abnormal radiologic findings on diagnostic imaging of other urinary organs","Abnormal radiologic findings on diagnostic imaging of other urinary organs"
R935,,R935,"Abn findings on dx imaging of abd regions, inc retroperiton","Abnormal findings on diagnostic imaging of other abdominal regions, including retroperitoneum","Abnormal findings on diagnostic imaging of other abdominal regions, including retroperitoneum"
R936,,R936,"Abnormal findings on diagnostic imaging of limbs","Abnormal findings on diagnostic imaging of limbs","Abnormal findings on diagnostic imaging of limbs"
R937,,R937,"Abnormal findings on diagnostic imaging of prt ms sys","Abnormal findings on diagnostic imaging of other parts of musculoskeletal system","Abnormal findings on diagnostic imaging of other parts of musculoskeletal system"
R938,,R938,"Abnormal findings on diagnostic imaging of body structures","Abnormal findings on diagnostic imaging of other specified body structures","Abnormal findings on diagnostic imaging of other specified body structures"
R939,,R939,"Dx imaging inconclusive due to excess body fat of patient","Diagnostic imaging inconclusive due to excess body fat of patient","Diagnostic imaging inconclusive due to excess body fat of patient"
R940,1,R9401,"Abnormal electroencephalogram [EEG]","Abnormal electroencephalogram [EEG]","Abnormal results of function studies of central nervous system"
R940,2,R9402,"Abnormal brain scan","Abnormal brain scan","Abnormal results of function studies of central nervous system"
R940,9,R9409,"Abnormal results of function studies of cnsl","Abnormal results of other function studies of central nervous system","Abnormal results of function studies of central nervous system"
R9411,0,R94110,"Abnormal electro-oculogram [EOG]","Abnormal electro-oculogram [EOG]","Abnormal results of function studies of eye"
R9411,1,R94111,"Abnormal electroretinogram [ERG]","Abnormal electroretinogram [ERG]","Abnormal results of function studies of eye"
R9411,2,R94112,"Abnormal visually evoked potential [VEP]","Abnormal visually evoked potential [VEP]","Abnormal results of function studies of eye"
R9411,3,R94113,"Abnormal oculomotor study","Abnormal oculomotor study","Abnormal results of function studies of eye"
R9411,8,R94118,"Abnormal results of other function studies of eye","Abnormal results of other function studies of eye","Abnormal results of function studies of eye"
R9412,0,R94120,"Abnormal auditory function study","Abnormal auditory function study","Abnormal results of function studies of ear and other special senses"
R9412,1,R94121,"Abnormal vestibular function study","Abnormal vestibular function study","Abnormal results of function studies of ear and other special senses"
R9412,8,R94128,"Abn results of function studies of ear and oth sp senses","Abnormal results of other function studies of ear and other special senses","Abnormal results of function studies of ear and other special senses"
R9413,0,R94130,"Abnormal response to nerve stimulation, unspecified","Abnormal response to nerve stimulation, unspecified","Abnormal results of function studies of peripheral nervous system"
R9413,1,R94131,"Abnormal electromyogram [EMG]","Abnormal electromyogram [EMG]","Abnormal results of function studies of peripheral nervous system"
R9413,8,R94138,"Abnormal results of function studies of prph nervous sys","Abnormal results of other function studies of peripheral nervous system","Abnormal results of function studies of peripheral nervous system"
R942,,R942,"Abnormal results of pulmonary function studies","Abnormal results of pulmonary function studies","Abnormal results of pulmonary function studies"
R943,0,R9430,"Abnormal result of cardiovascular function study, unsp","Abnormal result of cardiovascular function study, unspecified","Abnormal results of cardiovascular function studies"
R943,1,R9431,"Abnormal electrocardiogram [ECG] [EKG]","Abnormal electrocardiogram [ECG] [EKG]","Abnormal results of cardiovascular function studies"
R943,9,R9439,"Abnormal result of other cardiovascular function study","Abnormal result of other cardiovascular function study","Abnormal results of cardiovascular function studies"
R944,,R944,"Abnormal results of kidney function studies","Abnormal results of kidney function studies","Abnormal results of kidney function studies"
R945,,R945,"Abnormal results of liver function studies","Abnormal results of liver function studies","Abnormal results of liver function studies"
R946,,R946,"Abnormal results of thyroid function studies","Abnormal results of thyroid function studies","Abnormal results of thyroid function studies"
R947,,R947,"Abnormal results of other endocrine function studies","Abnormal results of other endocrine function studies","Abnormal results of other endocrine function studies"
R948,,R948,"Abnormal results of function studies of organs and systems","Abnormal results of function studies of other organs and systems","Abnormal results of function studies of other organs and systems"
R97,0,R970,"Elevated carcinoembryonic antigen [CEA]","Elevated carcinoembryonic antigen [CEA]","Abnormal tumor markers"
R97,1,R971,"Elevated cancer antigen 125 [CA 125]","Elevated cancer antigen 125 [CA 125]","Abnormal tumor markers"
R972,0,R9720,"Elevated prostate specific antigen [PSA]","Elevated prostate specific antigen [PSA]","Elevated prostate specific antigen [PSA]"
R972,1,R9721,"Rising PSA fol treatment for malignant neoplasm of prostate","Rising PSA following treatment for malignant neoplasm of prostate","Elevated prostate specific antigen [PSA]"
R978,,R978,"Other abnormal tumor markers","Other abnormal tumor markers","Other abnormal tumor markers"
R99,,R99,"Ill-defined and unknown cause of mortality","Ill-defined and unknown cause of mortality","Ill-defined and unknown cause of mortality"